ID,v1,v2,v3,v4
v1,5.0,0.6761234037828132,0.2581988897471611,-0.0
v2,0.6761234037828132,7.0,-0.0,0.50709255283711
v3,0.2581988897471611,-0.0,3.0,0.5163977794943222
v4,-0.0,0.50709255283711,0.5163977794943222,5.0
